id,note雪,amount,big,optional
1,"雪, ""quote""
next",123456789012345679.123456,9007199254740993,NULL雪
2,,123456789012345680.123456,9007199254740994,
3,row 3,123456789012345681.123456,9007199254740995,NULL雪
4,row 4,123456789012345682.123456,9007199254740996,
5,row 5,123456789012345683.123456,9007199254740997,NULL雪
6,row 6,123456789012345684.123456,9007199254740998,
7,row 7,123456789012345685.123456,9007199254740999,NULL雪
8,row 8,123456789012345686.123456,9007199254741000,
9,row 9,123456789012345687.123456,9007199254741001,NULL雪
10,row 10,123456789012345688.123456,9007199254741002,
11,row 11,123456789012345689.123456,9007199254741003,NULL雪
12,row 12,123456789012345690.123456,9007199254741004,
13,row 13,123456789012345691.123456,9007199254741005,NULL雪
